--
-- PostgreSQL database dump
--

-- Dumped from database version 15.1
-- Dumped by pg_dump version 15.1

SET statement_timeout = 0;
SET lock_timeout = 0;
SET idle_in_transaction_session_timeout = 0;
SET client_encoding = 'UTF8';
SET standard_conforming_strings = on;
SELECT pg_catalog.set_config('search_path', '', false);
SET check_function_bodies = false;
SET xmloption = content;
SET client_min_messages = warning;
SET row_security = off;

SET default_tablespace = '';

SET default_table_access_method = heap;

--
-- Name: exam; Type: TABLE; Schema: public; Owner: postgres
--

CREATE TABLE public.exam (
    id bigint NOT NULL,
    created timestamp(6) without time zone,
    date_of_exam timestamp(6) without time zone,
    name_of_exam character varying(255),
    updated timestamp(6) without time zone,
    subject_id bigint,
    student_id bigint
);


ALTER TABLE public.exam OWNER TO postgres;

--
-- Name: exam_id_seq; Type: SEQUENCE; Schema: public; Owner: postgres
--

ALTER TABLE public.exam ALTER COLUMN id ADD GENERATED BY DEFAULT AS IDENTITY (
    SEQUENCE NAME public.exam_id_seq
    START WITH 1
    INCREMENT BY 1
    NO MINVALUE
    NO MAXVALUE
    CACHE 1
);


--
-- Name: student; Type: TABLE; Schema: public; Owner: postgres
--

CREATE TABLE public.student (
    id bigint NOT NULL,
    created timestamp(6) without time zone,
    email character varying(255),
    name character varying(255),
    updated timestamp(6) without time zone
);


ALTER TABLE public.student OWNER TO postgres;

--
-- Name: student_id_seq; Type: SEQUENCE; Schema: public; Owner: postgres
--

ALTER TABLE public.student ALTER COLUMN id ADD GENERATED BY DEFAULT AS IDENTITY (
    SEQUENCE NAME public.student_id_seq
    START WITH 1
    INCREMENT BY 1
    NO MINVALUE
    NO MAXVALUE
    CACHE 1
);


--
-- Name: subject; Type: TABLE; Schema: public; Owner: postgres
--

CREATE TABLE public.subject (
    id bigint NOT NULL,
    created timestamp(6) without time zone,
    name character varying(255),
    updated timestamp(6) without time zone
);


ALTER TABLE public.subject OWNER TO postgres;

--
-- Name: subject_id_seq; Type: SEQUENCE; Schema: public; Owner: postgres
--

ALTER TABLE public.subject ALTER COLUMN id ADD GENERATED BY DEFAULT AS IDENTITY (
    SEQUENCE NAME public.subject_id_seq
    START WITH 1
    INCREMENT BY 1
    NO MINVALUE
    NO MAXVALUE
    CACHE 1
);


--
-- Data for Name: exam; Type: TABLE DATA; Schema: public; Owner: postgres
--

COPY public.exam (id, created, date_of_exam, name_of_exam, updated, subject_id, student_id) FROM stdin;
1	2024-07-17 21:02:14.223551	2024-07-17 18:42:12.158	B12	2024-07-17 21:02:14.223551	1	2
2	2024-07-17 21:02:32.882816	2024-07-17 19:03:06.751	A44	2024-07-17 21:03:21.829649	1	3
5	2024-07-18 20:04:46.15026	2024-07-18 17:50:51.926	TRY	2024-07-18 20:04:46.151295	7	18
6	2024-07-18 20:05:03.106017	2024-07-18 17:50:51.926	TRY	2024-07-18 20:05:03.106017	6	18
10	2024-07-21 14:10:30.835494	2024-07-21 12:13:41.792	W124	2024-07-21 14:13:59.461129	2	18
12	2024-07-21 14:23:48.807127	2024-07-21 12:10:18.786	HP21	2024-07-21 14:23:48.807127	6	2
11	2024-07-21 14:23:39.400899	2024-07-21 12:13:41.792	HP222	2024-07-21 14:27:01.249285	7	2
\.


--
-- Data for Name: student; Type: TABLE DATA; Schema: public; Owner: postgres
--

COPY public.student (id, created, email, name, updated) FROM stdin;
1	2024-07-17 20:57:54.619359	aneta@op.pl	Aneta	2024-07-17 20:57:54.619359
2	2024-07-17 20:58:03.574261	darek@op.pl	Darek	2024-07-17 20:58:03.575278
3	2024-07-17 20:58:21.824537	nina@op.pl	Nina	2024-07-17 20:58:21.824537
4	2024-07-17 23:58:40.971373	string	B56	2024-07-17 23:58:40.972812
5	2024-07-17 23:58:40.999103	\N	\N	2024-07-17 23:58:40.999103
11	2024-07-18 00:48:19.472959	tomek@op.pl	Tomek	2024-07-18 00:48:19.472959
16	2024-07-18 01:19:29.882291	string	string	2024-07-18 01:19:29.882291
17	2024-07-18 11:42:38.779242	tadeusz@op.pl	Tadeusz	2024-07-18 11:42:38.779242
18	2024-07-18 12:53:43.710395	ole@op.pl	Olek	2024-07-18 12:53:43.710395
19	2024-07-18 20:06:38.252475	kasia@op.pl	Katarzyna	2024-07-18 20:06:38.252475
20	2024-07-21 12:58:12.303585	stefan@op.pl	Stefan	2024-07-21 12:58:12.303585
21	2024-07-21 14:00:15.388926	wojtek@op.pl	Wojtek	2024-07-21 14:00:15.388926
\.


--
-- Data for Name: subject; Type: TABLE DATA; Schema: public; Owner: postgres
--

COPY public.subject (id, created, name, updated) FROM stdin;
1	2024-07-17 20:57:25.053925	historia	2024-07-17 20:57:25.053925
2	2024-07-17 20:57:31.233769	matematyka	2024-07-17 20:57:31.233769
3	2024-07-17 20:57:37.098033	bologia	2024-07-17 20:57:37.098033
6	2024-07-18 19:13:04.706694	niemiecki	2024-07-18 19:13:04.706694
7	2024-07-18 19:13:16.906355	polski	2024-07-18 19:13:16.906355
\.


--
-- Name: exam_id_seq; Type: SEQUENCE SET; Schema: public; Owner: postgres
--

SELECT pg_catalog.setval('public.exam_id_seq', 12, true);


--
-- Name: student_id_seq; Type: SEQUENCE SET; Schema: public; Owner: postgres
--

SELECT pg_catalog.setval('public.student_id_seq', 21, true);


--
-- Name: subject_id_seq; Type: SEQUENCE SET; Schema: public; Owner: postgres
--

SELECT pg_catalog.setval('public.subject_id_seq', 8, true);


--
-- Name: exam exam_pkey; Type: CONSTRAINT; Schema: public; Owner: postgres
--

ALTER TABLE ONLY public.exam
    ADD CONSTRAINT exam_pkey PRIMARY KEY (id);


--
-- Name: student student_pkey; Type: CONSTRAINT; Schema: public; Owner: postgres
--

ALTER TABLE ONLY public.student
    ADD CONSTRAINT student_pkey PRIMARY KEY (id);


--
-- Name: subject subject_pkey; Type: CONSTRAINT; Schema: public; Owner: postgres
--

ALTER TABLE ONLY public.subject
    ADD CONSTRAINT subject_pkey PRIMARY KEY (id);


--
-- Name: exam fkos7g6kn2748ll3ofc3w163gxh; Type: FK CONSTRAINT; Schema: public; Owner: postgres
--

ALTER TABLE ONLY public.exam
    ADD CONSTRAINT fkos7g6kn2748ll3ofc3w163gxh FOREIGN KEY (subject_id) REFERENCES public.subject(id);


--
-- Name: exam fkrrrq06h9khmxrmccek04aog52; Type: FK CONSTRAINT; Schema: public; Owner: postgres
--

ALTER TABLE ONLY public.exam
    ADD CONSTRAINT fkrrrq06h9khmxrmccek04aog52 FOREIGN KEY (student_id) REFERENCES public.student(id);


--
-- PostgreSQL database dump complete
--

